word_or_phrase,frequency
магазин,1242
очень,964
одежда,827
ассортимент,612
качество,528
хороший,517
хотеться,471
товар,445
нравиться,374
понравиться,347
отличный,340
ребёнок,327
цена,318
вещь,308
спасибо,263
качественный,262
размер,239
продавец,226
покупка,218
выбор,215
весь,211
всё,208
персонал,205
ваш,202
скидка,200
покупать,180
модель,178
большой,164
акция,163
довольный,159
бонус,158
школьный,158
модный,156
приятный,155
год,145
отлично,144
нужный,137
купить,136
подросток,136
это,134
побольше,132
ещё,131
размерный,130
вежливый,128
процветание,125
сотрудник,124
ряд,122
мальчик,118
помочь,117
стильный,117
коллекция,113
обслуживание,109
желать,106
девочка,105
orby,101
нам,99
высокий,96
приветливый,96
консультант,91
куртка,89
подобрать,87
форма,87
замечательный,85
первый,85
маленький,84
рост,79
сын,79
красивый,78
интересный,75
заказ,74
расширить,74
супер,72
увеличить,72
бренд,71
покупатель,69
детский,68
яркий,65
доставка,64
орби,63
сделать,63
замечание,63
классный,63
найти,62
пожелание,62
наш,61
мочь,59
устраивать,57
хотеть,57
любить,57
бонусный,56
дочка,56
образ,54
широкий,53
свой,53
быстро,52
остаться,52
радовать,52
новый,52
дочь,51
город,50
рубашка,49
любимый,49
школа,49
удобный,48
сайт,48
возможность,47
делать,46
верхний,46
внимательный,45
день,45
мало,45
видеть,45
прекрасный,44
программа,44
выбрать,43
клиент,43
ткань,43
просто,43
уровень,43
сказать,42
время,42
обязательно,41
жаль,39
прийти,39
подростковый,38
работать,38
рассказать,38
девушка,38
завысить,37
современный,36
оплата,36
футболка,36
сразу,35
немного,35
высота,35
работа,34
интернет,34
доступный,33
часто,33
некоторый,33
успех,33
карта,33
удовольствие,33
больший,33
см,33
приложение,32
разнообразие,32
дизайн,32
вернуться,32
несколько,31
низкий,31
проблема,31
брюки,31
знать,31
касса,31
цвет,31
сожаление,30
целом,30
ранний,30
прийтись,30
подойти,30
единственный,30
замечательно,30
подарок,30
одевать,29
хотя,29
подходить,29
продолжать,28
помогать,28
пока,28
впечатление,28
особенно,28
заказать,27
разный,27
отзывчивый,27
тк,26
рекомендовать,26
ждать,26
увидеть,26
давно,26
приобрести,26
помощь,25
развитие,24
добавить,24
вариант,24
взрослый,24
обувь,24
носить,24
почему,24
заходить,24
дальнейший,24
искать,24
иметь,23
линейка,23
снова,23
смочь,23
поэтому,23
приходиться,23
последний,23
стоимость,23
разнообразный,23
дороговатый,23
доброжелательный,23
соответствовать,23
чаще,23
костюм,23
восторг,22
стиль,22
крутой,22
стать,22
место,22
момент,22
дорогой,22
других,22
пожалуйста,22
рад,21
система,21
необходимый,21
также,21
оформить,21
каждый,21
отдел,21
посмотреть,21
сетка,21
консультация,21
платье,21
площадь,21
полный,20
тц,20
ценник,20
далёкий,20
зимний,20
дорого,20
посещение,20
зайти,20
огромный,20
шапка,20
наличие,19
брюк,19
вопрос,19
держать,19
списать,19
возврат,19
скудный,19
ничто,19
продажа,19
приходить,19
долго,19
бывать,18
материал,18
балл,18
надеяться,18
собрать,18
сложный,18
хватать,18
торговый,18
постоянно,18
худенький,18
летний,18
молодец,18
слишком,18
возраст,18
прекрасно,18
всем,18
который,17
положительный,17
именно,17
оказаться,17
должный,17
отсутствовать,17
чёрный,17
наличии,17
следующий,17
приемлемый,17
предлагать,17
грамотный,17
добрый,17
впервые,17
ходить,17
самый,17
предложить,17
благодарить,17
корзина,16
использовать,16
плохо,16
изделие,16
марка,16
внимание,16
благодарный,16
компания,16
приятно,16
посетить,16
постоянный,16
данный,16
придём,16
удача,16
например,16
сгорать,16
взять,16
младший,16
сеть,16
привлекательный,16
носок,16
понятный,15
выгодный,15
сделайте,15
одеваться,15
цветовой,15
которая,15
минус,15
находиться,15
порадовать,15
фирма,15
аксессуар,15
расширение,15
которые,15
дело,15
джинсы,15
представить,15
пиджак,15
плохой,14
актуальный,14
вообще,14
бесплатный,14
подсказать,14
отличное,14
вид,14
совершать,14
главный,14
количество,14
подробно,14
навязчивый,14
частый,14
находить,14
модельный,14
магазине,13
гамма,13
рождение,13
снизить,13
дешёвый,13
сами,13
друг,13
получить,13
итог,13
уходить,13
чтото,13
дать,13
стоить,13
компетентный,13
уйти,13
списывать,12
выбирать,12
быстрый,12
небольшой,12
изза,12
информация,12
сумма,12
разнообразить,12
мнение,12
посещать,12
открыть,12
распродажа,12
надпись,12
лето,12
повседневный,12
заказывать,11
возможный,11
продукция,11
либо,11
оформление,11
второй,11
стильно,11
ждём,11
демократичный,11
сезон,11
приобретать,11
средний,11
здорово,11
идеально,11
смотреть,11
расцветка,11
ребёнку,11
подбор,11
данном,11
комплект,11
мама,11
лояльность,11
оставить,11
выборе,11
удивить,11
старший,11
её,11
брак,10
кроме,10
любой,10
благодарность,10
знакомым,10
померить,10
решить,10
невозможный,10
пройти,10
качественно,10
расширять,10
сервис,10
блузка,10
просьба,10
пальто,10
неприятный,10
человек,10
являться,10
отсутствие,10
неделя,10
расти,10
фасон,10
пуховик,10
отношение,10
примерочный,10
случайно,10
зал,10
появиться,10
регулярно,10
оригинальный,10
общение,10
молния,10
настроение,10
готовый,10
очередь,10
молодёжный,10
натуральный,10
предложение,10
носка,10
сильно,10
карман,9
забрать,9
базовый,9
месяц,9
отказаться,9
самое,9
многих,9
воспользоваться,9
близкий,9
вернуть,9
дух,9
указать,9
понять,9
отдельный,9
родитель,9
точка,9
идти,9
понимать,9
многие,9
данного,9
рубль,9
здравствовать,9
обычно,9
пусть,9
шикарный,9
пошив,9
оплатить,9
улыбка,9
висеть,9
ненавязчивый,9
возвращаться,9
российский,9
ответить,9
смс,9
подход,9
претензия,9
атмосфера,9
желание,9
профессиональный,9
тёплый,9
одеть,9
восторге,9
ростовку,9
полностью,9
оставаться,9
ценовый,9
рукав,8
оплачивать,8
отличаться,8
писать,8
мобильный,8
советовать,8
доставить,8
третий,8
просить,8
плюс,8
одно,8
процент,8
пора,8
обратить,8
позиция,8
активный,8
брать,8
жалко,8
сидеть,8
худой,8
минута,8
сотрудница,8
шорты,8
совершить,8
вкус,8
рисунок,8
дружелюбный,8
узнать,8
развиваться,8
считать,8
необычный,8
показать,8
шить,8
деньга,8
обслуживать,8
вырасти,8
адекватный,8
устроить,8
одной,8
помещение,8
примерка,8
серый,8
целое,8
классический,8
выйти,8
обидный,8
др,8
розничный,7
хлопок,7
приложении,7
неудобный,7
достаточно,7
почта,7
россия,7
высоко,7
говорить,7
объяснить,7
малыш,7
тенденция,7
равный,7
белый,7
вами,7
поиск,7
думать,7
тысяча,7
случай,7
потратить,7
телефон,7
внук,7
ценакачество,7
практически,7
желательный,7
высоковаты,7
сама,7
ветровка,7
толстовка,7
взгляд,7
везде,7
никакой,7
неплохой,7
одного,7
срок,7
профессионал,7
достойный,7
подешевле,7
индивидуальный,7
увеличение,7
ниже,7
назад,7
казаться,7
важный,7
пара,7
милый,7
оверсайз,7
политика,7
подкладка,7
пожелать,7
квалифицированный,7
начинать,7
другие,7
трикотаж,7
худи,7
внутренний,7
стирка,7
крупный,7
идея,7
синий,6
новинка,6
состав,6
слово,6
удаться,6
непонятный,6
значительно,6
отменить,6
выясниться,6
онлайн,6
общаться,6
короткий,6
удачный,6
получение,6
долгий,6
одна,6
ранее,6
общий,6
интернетмагазине,6
организовать,6
центр,6
рука,6
ошибка,6
выходить,6
закрыть,6
возникнуть,6
попасть,6
улучшить,6
малый,6
начисление,6
прошлый,6
ольга,6
чек,6
обновка,6
проводить,6
производство,6
грамотно,6
внучка,6
штаны,6
великолепный,6
рассылка,6
подбирать,6
сюда,6
спортивный,6
джинс,6
тратить,6
вешалка,6
кусаются,6
весна,6
рынок,6
обслужить,6
число,6
уход,6
кардиган,6
уютный,6
юбка,6
деток,6
получать,6
класс,6
скидочный,6
получаться,6
выше,6
стоять,6
терминал,6
заканчиваться,6
семья,6
нем,6
старый,6
сезонный,6
соотношение,6
часть,5
обычный,5
туда,5
отвечать,5
разу,5
эмоция,5
другого,5
получиться,5
актуальность,5
удобно,5
дом,5
пытаться,5
дозвониться,5
сообщение,5
час,5
сгореть,5
тема,5
отзыв,5
круто,5
головной,5
убор,5
давать,5
сей,5
снять,5
данной,5
оформлять,5
склад,5
вызывать,5
москва,5
вместо,5
начать,5
действовать,5
зато,5
довольно,5
номер,5
оператор,5
сторона,5
руб,5
крой,5
намного,5
пробить,5
чисто,5
вежлив,5
участвовать,5
консультанты,5
трудный,5
удивлена,5
никто,5
наряд,5
девчонка,5
спросить,5
простой,5
вернёмся,5
встречать,5
действие,5
определиться,5
советую,5
поступление,5
просторный,5
сменить,5
самые,5
примерочной,5
пользоваться,5
список,5
бал,5
нету,5
профессионализм,5
опыт,5
рекомендация,5
трикотажный,5
норма,5
носиться,5
модно,5
однозначно,5
умнички,5
лишь,5
посоветовать,5
коллектив,5
школьник,5
принцип,5
нормальный,5
оставайтесь,5
покупкой,5
сентябрь,5
стильные,5
парень,5
приятные,5
поздний,5
хватить,5
комфортный,5
конец,5
редко,5
нижний,5
рассмотреть,5
лёгкий,5
счастливый,5
реклама,5
джемпер,5
особый,5
желательно,5
вместе,5
креативный,5
соответственно,5
оба,5
мерить,5
зима,5
связь,5
дорасти,5
тело,5
привлекать,5
ехать,5
осень,4
нитка,4
нарядный,4
легко,4
личный,4
приезжать,4
лояльный,4
забирать,4
клиентский,4
менее,4
платный,4
фирменный,4
терять,4
фильтр,4
другим,4
специалист,4
появляться,4
ок,4
видно,4
одном,4
платить,4
возвращать,4
санктпетербург,4
вроде,4
одну,4
учёт,4
спб,4
узкий,4
подписка,4
ненужный,4
подобный,4
молл,4
маловато,4
акционные,4
вежливая,4
зона,4
подборе,4
уметь,4
обнаружить,4
приветлив,4
глаз,4
тактичный,4
основном,4
угодить,4
приветливая,4
правда,4
благодаря,4
лук,4
осенний,4
тд,4
вернисаж,4
база,4
выразить,4
различный,4
учитывать,4
проходить,4
идеальный,4
мода,4
внимательность,4
сравнение,4
выглядеть,4
обстановка,4
маловат,4
скоро,4
дарья,4
решение,4
приехать,4
показаться,4
стараться,4
максимально,4
кофта,4
далее,4
посадка,4
бонусах,4
успеть,4
сегодня,4
принимать,4
пошить,4
жизнь,4
праздник,4
своевременно,4
нигде,4
школе,4
директор,4
точно,4
чудесный,4
попросить,4
продавецконсультант,4
дороговаты,4
тесно,4
берём,4
начисляться,4
возникать,4
приобретение,4
дома,4
условие,4
интересовать,4
ужасный,4
потребность,4
плотно,4
достаточный,4
течение,4
аккуратно,4
другими,4
лишний,4
неоправданно,4
медленно,4
снуд,4
здоровье,4
полнота,4
ожидать,4
заинтересованный,4
пример,4
около,4
вера,4
шапочка,4
странный,4
объяснять,4
ситуация,4
нами,4
качественная,4
терпеливый,4
штанов,4
элемент,4
телосложение,4
остальном,4
ходовой,4
обмануть,4
женственный,4
мягкий,3
оно,3
остаток,3
совершенно,3
копить,3
позволить,3
кнопка,3
порой,3
какойто,3
огорчить,3
кабинет,3
новосибирске,3
галерея,3
повторно,3
максимальный,3
другом,3
выкуп,3
ремень,3
служба,3
след,3
функция,3
молодцы,3
адрес,3
привезти,3
внешний,3
звонок,3
магнит,3
причина,3
замок,3
пуховики,3
гардероб,3
разобраться,3
поблагодарить,3
иметься,3
ростовка,3
нормально,3
озон,3
самостоятельно,3
пол,3
ярославль,3
попробовать,3
одинаковый,3
принтов,3
гораздо,3
большинство,3
сохраняться,3
меге,3
поддерживать,3
триумф,3
маркетплейсах,3
конкретный,3
видный,3
печально,3
закрыться,3
подрасти,3
нарекание,3
сначала,3
написать,3
замечательные,3
здоровый,3
поскольку,3
двое,3
повезти,3
привлечь,3
рязань,3
симпатичный,3
джинсов,3
борисович,3
городе,3
позитив,3
списание,3
настоящий,3
определённый,3
существовать,3
отечественный,3
привозите,3
продавцыконсультанты,3
доросли,3
екатерина,3
елена,3
шт,3
длинный,3
кострома,3
дверь,3
создавать,3
попадать,3
порадовали,3
ульяна,3
состояние,3
оказать,3
подходящий,3
требование,3
успешный,3
становиться,3
сталкиваться,3
очередной,3
мимо,3
работник,3
ксения,3
видимо,3
доброжелательность,3
потребитель,3
отметить,3
терпение,3
тау,3
потрясать,3
котором,3
асортимент,3
процесс,3
ассортименте,3
продать,3
смысл,3
благополучие,3
капризный,3
принести,3
которую,3
чистый,3
жить,3
ребёночек,3
вежливы,3
сегмент,3
надевать,3
откройте,3
мега,3
посоветую,3
категория,3
недорогой,3
ожидание,3
расстраивать,3
выпустить,3
плечо,3
следить,3
пустой,3
рюкзак,3
приду,3
уютно,3
расположение,3
лично,3
которое,3
заглядывать,3
середина,3
недостаточный,3
топ,3
меньше,3
содержание,3
шерсть,3
слышать,3
куча,3
нашивка,3
самом,3
код,3
предупредить,3
русский,3
сообщить,3
вводить,3
душно,3
рассматривать,3
необходимость,3
трудность,3
новгород,3
недавно,3
удовлетворять,3
раскупать,3
примерочные,3
самого,3
женский,3
дважды,3
факт,3
жилет,3
свитер,3
тяжёлый,3
закончиться,3
запас,3
повести,3
оценить,3
выбранной,3
выгодно,3
доя,3
период,3
плотный,3
электронный,3
внутри,3
молодой,3
корректный,3
поход,3
orbi,3
понимание,3
обожать,3
мешок,3
район,3
помнить,3
народ,3
позитивный,3
доп,3
обходительный,3
тип,3
запрос,3
планка,3
присутствие,3
бельё,3
правильный,3
благ,3
демисезонный,3
девушкаконсультант,3
многодетный,3
присутствовать,3
навязывание,3
сесть,3
приемлемая,3
рабочий,3
течении,3
скорее,3
весенний,3
прям,3
особо,3
менять,3
высоковатый,3
отвратительный,3
красиво,3
свитшоты,3
закрываться,3
вайлдберрис,3
производитель,3
снижать,3
сити,3
подарки,3
пользуемся,3
диапазон,3
предоставить,3
поработать,3
пополнять,3
уверена,3
радость,3
пошире,3
шарф,3
ввести,3
синтетика,3
молодёжь,3
синтетик,3
спорт,3
трк,3
конкретно,3
этикетка,3
рядом,3
вашем,3
одевала,3
сквозь,3
зуб,3
пуговица,2
привозить,2
кусается,2
наладить,2
показывать,2
применить,2
ограничить,2
доработать,2
менеджер,2
оперативно,2
завышать,2
делиться,2
особенный,2
фото,2
увеличивать,2
отдать,2
клиентоориентированность,2
близким,2
частичный,2
смоленск,2
поддержка,2
сформировать,2
улучшение,2
компетенция,2
новосибирск,2
технический,2
добавлять,2
сыктывкар,2
набрать,2
логистика,2
рано,2
опрос,2
происходить,2
компьютер,2
дорога,2
разбиваться,2
способ,2
повседневную,2
связаться,2
выходной,2
горячий,2
линия,2
делить,2
женщина,2
интернетмагазин,2
аккуратный,2
владивосток,2
сохранять,2
нить,2
которой,2
мелкий,2
пятно,2
разглядывать,2
выход,2
незначительный,2
которых,2
проживать,2
область,2
порекомендовать,2
похожий,2
функциональный,2
доработайте,2
окончательный,2
выдавать,2
настройка,2
тм,2
захотеть,2
другому,2
комбинезон,2
ребята,2
пункт,2
приветственный,2
отталкивать,2
глючит,2
вновь,2
саратов,2
прямой,2
позвонить,2
постараться,2
объяснение,2
сложность,2
предыдущий,2
дёшево,2
шире,2
тренде,2
каталог,2
уважение,2
богатый,2
продавецы,2
владимир,2
тепло,2
располагать,2
прийду,2
пополнить,2
обширный,2
классика,2
прекрасные,2
объявление,2
акционный,2
навязчивость,2
обращение,2
расположены,2
дарите,2
применять,2
почемуто,2
wb,2
спина,2
английский,2
поздороваться,2
нуждаться,2
смущать,2
михайлов,2
ужасно,2
татьяна,2
кепка,2
человеческий,2
панамка,2
сшить,2
вероятно,2
зеленопарк,2
проконсультировать,2
наличка,2
аура,2
павильон,2
увы,2
планировать,2
детишки,2
обнулялись,2
продавцы,2
шов,2
теряться,2
заменить,2
обратиться,2
нему,2
визит,2
искренний,2
ульяне,2
проявить,2
глубокий,2
знание,2
ценный,2
бомберов,2
списываться,2
обо,2
всём,2
составление,2
витрина,2
занимать,2
подарочный,2
сертификат,2
имя,2
полезный,2
наиболее,2
интернетмагазином,2
зачисляются,2
поясе,2
использование,2
разница,2
продлить,2
качестве,2
купальник,2
шорт,2
облегчать,2
практичный,2
представленность,2
ориентироваться,2
данную,2
анкета,2
потрогать,2
расширяйте,2
изумительный,2
консультировать,2
небо,2
отличие,2
складываться,2
садиться,2
юный,2
серебряный,2
потребоваться,2
комментировать,2
май,2
клиентоориентированный,2
порекомендую,2
данным,2
ростов,2
самая,2
вежлива,2
большемерят,2
начислить,2
якобы,2
промежуточный,2
мал,2
велик,2
клетка,2
ребят,2
галстук,2
форме,2
одеться,2
успевать,2
заранее,2
дача,2
процветать,2
пропадать,2
поездка,2
трендовая,2
реагировать,2
уведомить,2
домашний,2
классно,2
упаковка,2
завезти,2
наклейка,2
оплатой,2
зависнуть,2
вина,2
план,2
действительно,2
гулливер,2
заканчивать,2
выражать,2
разбираться,2
редкость,2
комфортно,2
довольна,2
сложиться,2
безупречно,2
перестать,2
шустрый,2
другая,2
колоться,2
индивидуальность,2
катышек,2
июль,2
курткой,2
ассортемента,2
навязывать,2
отказать,2
откладывать,2
остальные,2
пространство,2
присылать,2
указывать,2
тесновато,2
заметно,2
посещении,2
язык,2
огорчать,2
принятие,2
покупке,2
сообщать,2
заблуждение,2
закупаемся,2
брат,2
людмила,2
посоветуем,2
идём,2
наличный,2
сориентироваться,2
сорочка,2
однако,2
столкнуться,2
многим,2
дополнительный,2
мир,2
мужской,2
рубашкам,2
чуточку,2
разработать,2
бесплатно,2
текущий,2
девушкиконсультанты,2
тренд,2
труд,2
воротник,2
прохладный,2
творческий,2
привередливый,2
закрытие,2
монохромный,2
позволять,2
синтетический,2
достигнуть,2
чеке,2
обман,2
затяжка,2
хотелосьбы,2
разгар,2
дополнить,2
самых,2
расстроить,2
счёт,2
август,2
катышки,2
льняной,2
кэш,2
однообразный,2
кассир,2
частность,2
го,2
нечего,2
обойти,2
кабинка,2
немногих,2
знакомый,2
кроссовки,2
инцидент,2
обмен,2
зря,2
полчаса,2
ими,2
вежливые,2
общем,2
другое,2
душа,2
здороваться,2
скидок,2
парк,2
тон,2
мегу,2
занять,2
обувной,2
рожок,2
краска,2
чёткий,2
шопинг,2
нога,2
рекламный,2
примерно,2
точный,2
примерить,2
относиться,2
нитки,2
гибкий,2
целый,2
тп,2
вперёд,2
спешить,2
пройдём,2
магазиннашли,2
уехать,2
бесформенный,2
курточка,2
облезть,2
баллы,2
крайний,2
мера,2
результат,2
подклада,2
завышенная,2
посетитель,2
сдавать,2
выручка,2
дыбенко,2
молнии,2
вдохновение,2
обращаться,2
премия,2
поменять,2
кассовый,2
обходить,2
стойка,2
иначе,2
столько,2
негде,2
ростовкой,2
сумка,2
принты,2
рассчитать,2
учебный,2
сила,2
ps,2
оrby,2
разочарование,2
бежать,2
ом,2
перезвонить,2
проводиться,2
перемещение,2
улыбчивый,2
приветливость,2
обходительность,2
направить,2
куртками,2
продавщица,2
хорошое,2
кофточка,2
заплатить,2
впечатлить,2
колготки,2
слабый,2
придумать,2
увеличиться,2
несмотря,2
нюанс,2
одному,2
чудо,2
произвести,2
одновременно,2
оправдать,2
персонаж,2
товаре,2
оптимальный,2
нынешний,2
дизайнер,2
придерживать,2
одеваемся,2
пятеро,2
брюками,2
знакомство,2
продвигаться,2
максимум,2
альпинист,2
начинаться,2
ростовки,2
продаваться,2
наконецто,2
свойство,2
замена,2
рассказывать,2
спрашивать,2
завесить,2
относительно,2
подвести,2
совершение,2
скидочка,2
единичный,2
отличная,2
расширенный,2
оказываться,2
остальное,2
отказываться,2
картинка,2
креатив,2
нестандартный,2
стандартный,2
невозможность,2
сдача,2
дополнительно,2
тёмный,2
волос,2
разбирать,2
бомба,2
открыться,2
учесть,2
пойти,2
прикольный,2
таки,2
жилетка,2
касество,2
похвал,2
принтами,2
экземпляр,2
горнолыжный,2
аналогичный,2
наоборот,2
уменьшить,2
продавать,2
поднимать,2
размерной,2
брюкам,2
звать,2
уделить,2
оставлять,2
швы,2
примерочную,2
гость,2
вечер,2
лекала,2
отворот,2
ширина,2
ооочень,2
цель,2
чутьчуть,2
подорожать,2
описать,2
зеркало,2
запланировать,2
подумайте,2
польза,2
дискомфорт,2
настолько,2
правило,2
технологичный,2
узнавать,2
выпускать,2
топы,2
утеплить,2
регион,2
приемлемые,2
конкурент,2
светоотражающий,2
открытый,2
оперативный,2
альтернатива,2
ощущение,2
примерять,2
вокзал,2
космос,2
уговорить,2
кофт,2
свободный,2
отправить,2
апрель,2
поведение,2
дойти,2
продиктовать,2
загрезнения,2
столб,1
стена,1
оторвать,1
угол,1
пришить,1
дёрнуть,1
отваливаются,1
разбивка,1
приобретай,1
расцветкой,1
давольно,1
привозим,1
выбранный,1
оправдывать,1
пользаваться,1
акциями,1
кое,1
магазинамприедешь,1
наличииа,1
нетпечально,1
четко,1
управление,1
решала,1
проблемки,1
спокойный,1
решаемо,1
поддавалось,1
корректировка,1
мои,1
всеми,1
сочетать,1
миксовать,1
списаня,1
списатьтакже,1
списалисьв,1
начало,1
доставляться,1
городхотя,1
ребёнкуподростку,1
выдаёт,1
оформляла,1
близкие,1
замер,1
охото,1
скупить,1
расшифровка,1
продлиться,1
интернетмагазина,1
оффлайнмагазинах,1
сег,1
внесение,1
удаляться,1
удалить,1
всегла,1
пооучается,1
накопленными,1
процветанияи,1
бер,1
сюрприз,1
предупреждение,1
неизменно,1
однотонной,1
твой,1
отсечка,1
добавление,1
неинформативный,1
сократить,1
штучками,1
прислать,1
одинаково,1
обновление,1
периодически,1
нажатие,1
рости,1
напрягать,1
разбивать,1
обнуляется,1
версия,1
скачала,1
житель,1
подмосковье,1
самую,1
значить,1
расход,1
нетерпение,1
долговечный,1
доля,1
отшивались,1
понедельник,1
странно,1
проподают,1
расшмрить,1
тимент,1
красноярск,1
курьерский,1
отшивать,1
мужчина,1
подстраиваться,1
давольна,1
валберис,1
нежели,1
напрямую,1
почтамт,1
применение,1
декабрь,1
отверстие,1
понадеявшись,1
оттуда,1
както,1
некорректный,1
контакт,1
центре,1
кажду,1
денница,1
гнал,1
истирать,1
штука,1
держите,1
стёганый,1
замокмолния,1
вшит,1
двойной,1
кривой,1
прошитавиляет,1
вертикаль,1
стёжка,1
фонарикиволна,1
косит,1
вдоль,1
перламутровый,1
прокраса,1
перламутрагдето,1
гдето,1
еле,1
замыть,1
изделияне,1
стираться,1
перламутр,1
край,1
прошить,1
неттолько,1
следыдырки,1
лучшенужен,1
отк,1
называть,1
отбраковывать,1
пересылка,1
отправка,1
подружиться,1
укупить,1
выезжать,1
мурманск,1
скачали,1
кирпичниковой,1
мария,1
начнёшь,1
перебирать,1
доставлять,1
людмилу,1
констультацию,1
установка,1
выдаваться,1
одеждыредко,1
встретишь,1
обрабатывали,1
хранение,1
наполнение,1
восхищаться,1
распродаже,1
бесплат,1
уде,1
дробить,1
заберу,1
копейка,1
беречь,1
вона,1
положить,1
безрезультатно,1
сбиваться,1
поменяю,1
облизаться,1
россиии,1
подруга,1
логитикой,1
логичный,1
чита,1
отказ,1
отличнонам,1
уклассах,1
размеровда,1
прочь,1
оюбим,1
сорваться,1
промокод,1
моём,1
ребёнке,1
связываться,1
шанс,1
приглянется,1
мериешь,1
гомска,1
обратный,1
обновлять,1
переустанавливать,1
прилодение,1
автоматически,1
добавляло,1
иной,1
сомнение,1
порог,1
определить,1
набережный,1
чёлн,1
вещичка,1
казань,1
прописать,1
проблематично,1
требоваться,1
перенаправлять,1
страница,1
завершение,1
присваиваться,1
вылетать,1
утромутром,1
обьяснить,1
закончить,1
настаивать,1
требовать,1
формироваться,1
поставить,1
непосредственно,1
развиваетесь,1
доверять,1
выбираться,1
пвз,1
абсолютно,1
зайдешь,1
моб,1
бонусовначинаешь,1
отношениекому,1
играть,1
кошкимышки,1
называться,1
расшить,1
параметр,1
вышем,1
впихнуть,1
поменяться,1
лице,1
мобильном,1
списанииужасно,1
приветствие,1
фамилия,1
расширенная,1
некомпетентный,1
безинициативные,1
колл,1
самой,1
решать,1
клёвый,1
украшение,1
замечательноочень,1
найдётся,1
доброжилательная,1
отличнокачественна,1
доооже,1
представленный,1
продукт,1
освещение,1
открытие,1
югозападе,1
санктпетербурга,1
ассортиментвключить,1
тоесть,1
экология,1
акцие,1
широк,1
броситься,1
понравтлось,1
расказывает,1
пусто,1
отлучиться,1
прадовцы,1
катушка,1
проконсултировал,1
излишний,1
накопительный,1
андрианов,1
кристина,1
предусмотрителен,1
наваливал,1
замотивировал,1
дорос,1
отшиваться,1
мальчиковподростков,1
пополнение,1
коечто,1
черезчур,1
эльзе,1
полина,1
хотелками,1
текст,1
китайский,1
иероглиф,1
вход,1
екатеринбурге,1
аещей,1
магазинчасто,1
одеждувежливый,1
персоналвсегда,1
ценниках,1
чрезмерно,1
внимательные,1
убирать,1
прилипнуть,1
приставать,1
олеся,1
александровна,1
офлайн,1
забывать,1
каменев,1
своём,1
вечно,1
малы,1
послевкусье,1
повысить,1
максим,1
александрович,1
бирюков,1
сделаете,1
намерение,1
приодеть,1
продавцаконсультанта,1
ирина,1
угода,1
порадовал,1
зарегистрировать,1
регистрировалась,1
инетмагазине,1
интересоваться,1
приобрелисразу,1
возможно,1
промежуток,1
единственноехотелось,1
выбить,1
понятно,1
фефелова,1
лилли,1
югановна,1
эквайрингу,1
расплатиться,1
касаемо,1
располагаться,1
визуально,1
платонов,1
анна,1
федоровна,1
изюминка,1
однократно,1
жилин,1
александровнв,1
одеваеся,1
юриевич,1
толстовкам,1
джинсах,1
собачка,1
застёгивать,1
ателье,1
сломаться,1
коллаже,1
распашные,1
шаг,1
просмотр,1
карточка,1
улетать,1
незаменимый,1
расмотрите,1
длительный,1
бонуснов,1
хотябы,1
ефремов,1
владимирович,1
устпоило,1
срабатывать,1
скан,1
глубь,1
еслибы,1
ради,1
интерес,1
дальний,1
коридор,1
существование,1
новосибирский,1
растем,1
распологает,1
бизнесе,1
применяться,1
работница,1
продемонстрировать,1
забота,1
деталь,1
предпочтение,1
исследовать,1
искренне,1
актив,1
доброта,1
готовность,1
расширенной,1
модеых,1
светлана,1
клопковых,1
солнце,1
моментально,1
выцветать,1
коричневатолинялого,1
оттенок,1
многократно,1
осмотреться,1
ознакомиться,1
погода,1
изменива,1
холодный,1
аналогично,1
основный,1
яркостьнеобычность,1
дольнейшего,1
одежжда,1
блин,1
понизить,1
выполнить,1
превосходный,1
поиске,1
превратиться,1
определенно,1
профессионала,1
готового,1
втихаря,1
втюхали,1
блокнот,1
лёня,1
пожеланиерасширение,1
зайду,1
использоваться,1
проконсультировали,1
лён,1
сегоднешний,1
остаткам,1
свободнее,1
окружность,1
живот,1
осенние,1
выравниваться,1
дочу,1
доход,1
держатель,1
обслуживании,1
заире,1
оперативность,1
рассылать,1
сохранение,1
оченьидавно,1
рада,1
кеш,1
набор,1
близняшка,1
развесить,1
хорошай,1
кэшбек,1
всë,1
вб,1
сориентировали,1
торопиться,1
удивиться,1
расшириться,1
радостный,1
хороштй,1
расширяться,1
смотрю,1
приближаться,1
платьями,1
покупателе,1
скорый,1
встреча,1
ознакомила,1
неравнодушие,1
искренность,1
кране,1
некомфортный,1
осений,1
речь,1
альтернативный,1
неактуальный,1
физический,1
гоняться,1
инетприложениям,1
осмысливать,1
земля,1
трц,1
рр,1
проностью,1
расхваливать,1
еёлишь,1
молдова,1
ть,1
неоценимый,1
особе,1
стульчик,1
мадам,1
панама,1
поехать,1
специально,1
срочно,1
удивлены,1
сдаться,1
доступно,1
отходить,1
раздражать,1
адекватныев,1
представленном,1
познакомиться,1
народный,1
магазинаего,1
списаться,1
заграничный,1
вобщем,1
продавецпожеланияпобольше,1
владеть,1
великолепно,1
портфель,1
ребеккой,1
уверенный,1
наверно,1
товары,1
числиться,1
триумфе,1
самыесамые,1
пятипроцентной,1
руковов,1
вылазит,1
рукова,1
узковаты,1
проработайте,1
джинсыочень,1
удовольствиемперсонал,1
компетентенспасибо,1
подсказала,1
шмотки,1
внучке,1
ширпотреб,1
довольныкачество,1
садовского,1
закупать,1
сахалине,1
закупиться,1
ривьере,1
скольку,1
какаято,1
резкий,1
рамка,1
лубянка,1
эко,1
бочка,1
лекал,1
лагерь,1
майка,1
крайне,1
регистрация,1
лист,1
собраться,1
слим,1
завоз,1
прийдем,1
неизменный,1
результате,1
желаемый,1
девочкухотелось,1
ассортиментеперсонал,1
бумага,1
пакет,1
мастер,1
подшивать,1
офигенный,1
выдача,1
вытянутость,1
превосходное,1
неудобство,1
хорош,1
отличновернусь,1
форс,1
мажор,1
подождать,1
светло,1
активность,1
убранный,1
заря,1
обслуживаниесупер,1
безупречный,1
всшем,1
асортимента,1
кайфу,1
алина,1
ознакомить,1
грубиянка,1
ашалеть,1
ослуживание,1
руководство,1
граммотных,1
хотелибуду,1
новиночками,1
уникальность,1
продавцовконсультантов,1
прекраснозамечательный,1
лука,1
здравствуйтехотелось,1
задержаться,1
рассматриваться,1
продовцы,1
замечательныц,1
гранд,1
каньон,1
компетентность,1
ценея,1
доаольна,1
эксклюзивность,1
экобочкой,1
стремление,1
экологический,1
потребление,1
гладкий,1
вискоза,1
оригинал,1
ьной,1
чернобелую,1
тянуться,1
тёмно,1
синяя,1
лицо,1
осенне,1
светлый,1
возглас,1
колючий,1
посто,1
никода,1
чётко,1
накопление,1
отложить,1
помоему,1
бред,1
ассистент,1
магазинвсё,1
жаркий,1
каширский,1
плаза,1
отличтно,1
асартимент,1
кондиционер,1
появление,1
пояснение,1
аннулировать,1
подборка,1
описание,1
иностранный,1
обновить,1
процветанияmt,1
com,1
полоску,1
которого,1
ограничение,1
остальным,1
вести,1
посоветоваться,1
убегать,1
зотелось,1
посищать,1
кэжел,1
сгораемые,1
левшин,1
ненавязчивость,1
стойкий,1
ребёнка,1
южносахалинске,1
гулять,1
метить,1
маломерят,1
курить,1
вамивсегда,1
иного,1
вырастить,1
повторяться,1
обильно,1
уезжать,1
чтт,1
однообразность,1
широко,1
перевод,1
волшебница,1
отказывать,1
сто,1
перемирии,1
заметить,1
отмена,1
центральный,1
этаж,1
заехать,1
кабина,1
аналоги,1
напряжно,1
стильное,1
уверить,1
ручка,1
грязь,1
валяться,1
усовершенствовать,1
фиксированный,1
улавливаться,1
квалифицировать,1
пробивать,1
оченим,1
ноский,1
манжет,1
флисовая,1
пожеланиеувеличить,1
быстрееенайти,1
асортемент,1
разнообразен,1
справиться,1
пиджаку,1
формат,1
соответствии,1
примерял,1
гамме,1
мужском,1
гол,1
товаровдальнейшего,1
свет,1
помакциям,1
море,1
будущее,1
изначальный,1
немаленький,1
повышаться,1
верный,1
покрываться,1
торговля,1
неостанавливавшиеся,1
пробиты,1
изнаночный,1
обидно,1
износостойкостью,1
зороший,1
писывать,1
июнь,1
разрыв,1
выбегать,1
оклик,1
прошлогодний,1
ограничивать,1
однотонных,1
обувью,1
дубну,1
выпадать,1
вашеймарки,1
приобретённая,1
поведёт,1
меленький,1
перемещаться,1
коляской,1
ща,1
лесей,1
фотография,1
забавный,1
давай,1
торчащими,1
нитками,1
вялый,1
удобная,1
дублировать,1
му,1
отпарить,1
неплохо,1
искорка,1
комбинирование,1
лонгсливов,1
поло,1
накопить,1
попасться,1
оставатся,1
прежний,1
духота,1
ная,1
веши,1
перфорация,1
снизу,1
родственник,1
одежлу,1
настоятельно,1
клубный,1
внёс,1
заставлять,1
накануне,1
маловатый,1
сынаточно,1
ищемкепки,1
годкуртки,1
комната,1
нетжелаю,1
уносил,1
относить,1
обнаружение,1
позовешь,1
ложились,1
данные,1
включая,1
серия,1
паспорт,1
потерянный,1
отличномне,1
небезразличие,1
свитшота,1
тканевый,1
пыль,1
хб,1
лонгсливы,1
обьяснили,1
сбой,1
пост,1
провести,1
устать,1
материалывсе,1
неё,1
сгарали,1
долговато,1
шёл,1
пробитие,1
компьютере,1
минимум,1
пышный,1
надменность,1
милость,1
ненавязчива,1
затруднение,1
отойти,1
близко,1
чегото,1
наткнуться,1
магазинсотрудники,1
чуткий,1
наталия,1
обнинске,1
слушать,1
водолазка,1
положительныесмогли,1
резинкой,1
коммуникабельный,1
хорошоребенокподросток,1
подошлоребята,1
интеремные,1
одежлы,1
мальчикоы,1
фигупе,1
примерные,1
ткассортимент,1
временно,1
недоступный,1
огорчилопришлось,1
существо,1
бедный,1
ухудшиться,1
цеены,1
тцколлаж,1
насильственный,1
спугнуть,1
конструктивно,1
шапку,1
сентябре,1
новинками,1
растём,1
погнуть,1
скол,1
отличиться,1
машина,1
кошелёк,1
детскойской,1
назойливость,1
былы,1
сработать,1
кресло,1
отдохнуть,1
утомлять,1
тяжело,1
акцентировать,1
забыть,1
убрать,1
рубашками,1
полка,1
ошибаться,1
демисизонных,1
санкт,1
питербурге,1
предъявить,1
подводят,1
лопаться,1
далеко,1
участливый,1
приталенный,1
однотонные,1
принта,1
денима,1
молчаливый,1
пожромтка,1
жакет,1
разорваться,1
понравилосьработайте,1
направление,1
чур,1
приносить,1
подряд,1
сарафан,1
отнекивалась,1
специфический,1
предоставлять,1
разойтись,1
довольные,1
четверо,1
лотерея,1
достать,1
шагать,1
уровнеспасибо,1
объём,1
затрудняться,1
сколько,1
нанимать,1
пермь,1
коллега,1
сша,1
чилдренплейс,1
рф,1
самыми,1
продвижение,1
вовлеченней,1
самым,1
оформлении,1
отдых,1
приезд,1
бирка,1
сорвать,1
спасибовсё,1
неприятно,1
экобочку,1
оптимально,1
группа,1
накопленные,1
следование,1
интерьер,1
сортивной,1
минималистичное,1
входить,1
отслеживать,1
браво,1
досадный,1
тесьма,1
англ,1
футболке,1
слипонах,1
нов,1
продавецтовар,1
сооиентировала,1
закажем,1
мешать,1
нерасторопный,1
отзывчивость,1
компитентность,1
территориально,1
коллаж,1
эмпатия,1
размерлв,1
принять,1
впечатлять,1
выделяться,1
дев,1
музыка,1
начисленные,1
августе,1
пензе,1
мерчандайзинг,1
колллекции,1
поставлять,1
покупк,1
затяжках,1
виноватый,1
остров,1
расчёта,1
переработка,1
сгораю,1
накапливаться,1
учтив,1
услуга,1
отвлекать,1
доступном,1
удобном,1
восприятие,1
формате,1
неоднократно,1
шк,1
плодотворный,1
суппер,1
ткачество,1
клиентовкосультант,1
судный,1
металлический,1
пластиковый,1
безучастный,1
развернутого,1
оставятприятны,1
приобретённые,1
распространяться,1
дефект,1
детскихподростковых,1
пояснить,1
особенность,1
разнообразно,1
си,1
возле,1
принуждать,1
пеиобрести,1
нужнкю,1
мелочь,1
режим,1
простоять,1
аппарат,1
положенный,1
многую,1
актуальное,1
мпгазин,1
удлинить,1
покуавли,1
грамотность,1
бодборе,1
пересмотреть,1
скидках,1
творить,1
квалифицированныйпомогают,1
многовато,1
мороз,1
холод,1
капюшон,1
флиса,1
болоневая,1
голове,1
оtby,1
обувьдочери,1
совершаю,1
ддочка,1
покупкам,1
блогодарим,1
середине,1
востребованные,1
лосины,1
розовый,1
коленцтй,1
спецпредложения,1
or,1
by,1
находка,1
персоналспасибо,1
увеличели,1
обьязательно,1
будний,1
состояться,1
уточнить,1
удобство,1
подъём,1
лестница,1
движение,1
последствии,1
флисовую,1
подклад,1
потеть,1
анастасия,1
поднять,1
костроме,1
крутоприветливый,1
персоналчистота,1
магазинеполное,1
нервовдозвониться,1
чат,1
часовполная,1
доработка,1
возвратомя,1
отправлять,1
обменять,1
городазачем,1
покупателейпочему,1
днейи,1
потомпочему,1
повторный,1
будетпрекрасный,1
безобразие,1
полнейшее,1
всеговыберу,1
покупокя,1
разочарованаудобство,1
доставокдолжно,1
нужноспасибо,1
магазинздесь,1
вежливо,1
одеждыприятные,1
радуютвот,1
постояных,1
клиентова,1
проработать,1
адресат,1
логично,1
пошейте,1
детейшкольников,1
начале,1
неоднозначность,1
момогла,1
доволтна,1
убедительный,1
владелец,1
свитерок,1
акциядве,1
берёшь,1
проектируют,1
вкусный,1
прикупить,1
великовата,1
товарный,1
проверять,1
поздно,1
протяжение,1
меги,1
замечать,1
фишка,1
трендовые,1
непромокаемый,1
понижать,1
промокать,1
подстёжка,1
пуговицах,1
фиксация,1
двусторонний,1
открывание,1
слегка,1
умелый,1
оверлоги,1
пинцет,1
шитьё,1
аминь,1
внучок,1
которому,1
реально,1
класснаяно,1
проблемойнет,1
заказустатус,1
заявка,1
обновляться,1
телу,1
программи,1
ещ,1
зразу,1
полугодие,1
закатываться,1
заклепки,1
выпадывают,1
софья,1
предкассовая,1
скейт,1
борд,1
продаётся,1
парочка,1
выставить,1
самим,1
медленный,1
оставатьмя,1
московский,1
иванов,1
асортимета,1
ивановский,1
спрос,1
ый,1
помощ,1
нравитсякачество,1
приобреталась,1
доходчиво,1
акцийскидок,1
рос,1
непростой,1
собираться,1
вес,1
домой,1
оф,1
лайн,1
проголосовать,1
страна,1
поживать,1
задираете,1
касаться,1
свежепроизведенных,1
развалиться,1
возить,1
мощный,1
ежедневно,1
устах,1
кирове,1
крамивый,1
упор,1
дизайне,1
западный,1
ценность,1
своё,1
одеждуитолько,1
хромать,1
короток,1
size,1
plus,1
гимнастка,1
фигуристок,1
баба,1
чайник,1
экономический,1
отличнотолько,1
развивайтесь,1
гнижневартовска,1
одеждойсейчас,1
фаворит,1
суперассортимент,1
трендовый,1
духе,1
возмутить,1
поставка,1
прямо,1
рисовать,1
ответ,1
сверхприбыли,1
совесть,1
предприниматель,1
расстраиваться,1
отработаю,1
сургут,1
курсе,1
впритык,1
якрых,1
лётный,1
грамматный,1
полноценно,1
копиться,1
вне,1
зависимость,1
жля,1
проконсультировал,1
рваться,1
швах,1
отлетать,1
держалка,1
начислять,1
порядок,1
помешать,1
заоблачные,1
шортами,1
оверсайс,1
родобрали,1
привлекательно,1
рра,1
точке,1
доброжелательные,1
разделение,1
водоотталкивающий,1
пропиткои,1
внучкой,1
преобрели,1
тысруб,1
летначинали,1
поколение,1
отдавать,1
трое,1
кстати,1
голубой,1
девочкапродпвец,1
увеличеть,1
скучноватый,1
звено,1
массмаркетов,1
многое,1
девушкеконсультанту,1
носочки,1
приятность,1
размероа,1
пёстрый,1
манекен,1
неоправданный,1
повышение,1
магазиночень,1
клиентупомогают,1
целенаправленно,1
назвать,1
пройтись,1
зарплатить,1
неполный,1
осадок,1
спорить,1
девочеку,1
палитра,1
сдержанный,1
современной,1
прочный,1
стираются,1
обрадовало,1
новшество,1
сдать,1
влюблена,1
оджда,1
предпочтительный,1
нная,1
делатьтпокупки,1
зарубежный,1
удивлён,1
девчата,1
одеждынам,1
неожиданно,1
брянске,1
журнал,1
рекламировать,1
партнёр,1
немножко,1
весналето,1
напоминать,1
научить,1
территория,1
развешать,1
создаёт,1
сынупокупалась,1
бе,1
прцаетайте,1
европейский,1
долголетие,1
подберу,1
племянник,1
крестник,1
погодный,1
пошива,1
удивлённый,1
джинсики,1
мечта,1
затягивать,1
выносить,1
актуально,1
запускать,1
выделить,1
толпа,1
банальный,1
сопутствовать,1
скидочки,1
подметить,1
нс,1
пухленький,1
магазинодежда,1
качественнаяпосле,1
надолго,1
обеспечить,1
старшему,1
магазиновorby,1
дисконтный,1
малышей,1
однообразен,1
братск,1
стабильность,1
эффектный,1
сбережение,1
планета,1
добротный,1
неудачно,1
покрытие,1
коструктлра,1
фигура,1
классным,1
нго,1
омрачить,1
незаинтересованный,1
работай,1
консервативный,1
приблизить,1
orbyхорошая,1
барсе,1
просторно,1
скудноватый,1
совпадать,1
фактический,1
длина,1
пожалуй,1
назойливый,1
колличество,1
яркихсочных,1
стелягами,1
единственно,1
рублейхотя,1
км,1
пробка,1
магазинбыло,1
минималистичной,1
мамам,1
подходилодо,1
связать,1
мультфильм,1
желатьльно,1
комбезы,1
ткдочка,1
ярко,1
сочно,1
весёлый,1
консультантждем,1
снятие,1
магнитный,1
метка,1
дырка,1
померять,1
ассортиимент,1
поощрить,1
денежный,1
оригинальность,1
моделирование,1
прислушивалась,1
переместить,1
совет,1
предпринять,1
полагаться,1
ответственный,1
пошита,1
хвостик,1
упомянуть,1
степень,1
дата,1
приблизительный,1
магазиннравится,1
подростковхорошее,1
ценыбонусные,1
регулярный,1
ктр,1
недостаток,1
дизайнерский,1
прилбрести,1
логотип,1
милены,1
алексеевой,1
роблокс,1
далека,1
процветай,1
неработающий,1
дороговата,1
неуспеваем,1
шамшурина,1
оценка,1
босоножка,1
стелька,1
облезла,1
клëшь,1
саранск,1
юы,1
заканчивалась,1
хотесось,1
ассортемент,1
изменить,1
обнавляющимися,1
разрешение,1
запихали,1
чехол,1
впихивание,1
энгельсе,1
реже,1
продумать,1
мелочей,1
нравитсяпроцветания,1
сынподросток,1
закупаться,1
постер,1
проветрить,1
сгораемый,1
вырост,1
посыле,1
самих,1
глобально,1
остин,1
шьётся,1
леги,1
разместить,1
мяться,1
брючки,1
сбор,1
разная,1
нравился,1
садиковского,1
нпшли,1
полном,1
объёме,1
подсказывать,1
уйдёшь,1
многократный,1
акцииочень,1
продавцыспасибо,1
посчитать,1
правильно,1
суть,1
магазинчик,1
метро,1
кировский,1
завод,1
приветиливый,1
удобней,1
новокузнецке,1
воплотить,1
подарить,1
радоваться,1
тому,1
сбить,1
оригинальное,1
торчащие,1
реальность,1
отрегулировать,1
суперский,1
стекло,1
трико,1
качествасын,1
бегать,1
волгограде,1
расторопная,1
покупкрй,1
шустрая,1
шерстяной,1
ранец,1
огонь,1
детка,1
понравилосьсоветую,1
магазиндевочки,1
суперпомогли,1
качесто,1
тканй,1
расчёт,1
размкр,1
обедать,1
знакомиться,1
акселирацией,1
партия,1
школной,1
бушующий,1
первоклассник,1
интерессней,1
скатиться,1
массовый,1
оч,1
тематический,1
луни,1
тьюнз,1
гарри,1
поттер,1
кошмарно,1
скаталась,1
волокно,1
скрутить,1
образоваться,1
расположен,1
катастрофически,1
снижение,1
фон,1
игрок,1
мучиться,1
трусик,1
продавцымагазин,1
гкалуга,1
крупном,1
магазинея,1
пожаловаться,1
далековато,1
выбранному,1
широченный,1
ушёл,1
расстроенный,1
отдельно,1
премиум,1
висело,1
мин,1
нестирающийся,1
включить,1
дыхание,1
безналичный,1
приём,1
ношеный,1
половина,1
магниты,1
защитные,1
учтивая,1
внести,1
замечательнай,1
удачные,1
лекало,1
стульчика,1
формировать,1
понравилсярекомендовала,1
гатчина,1
подробный,1
благодарю,1
пробовать,1
прийдут,1
пршло,1
тобольск,1
переехать,1
маловата,1
подсказка,1
тилетних,1
обойтись,1
израсходовать,1
котооые,1
теория,1
высвечивалась,1
нести,1
чушь,1
назовёшь,1
подросткадевочки,1
кашемир,1
драп,1
товаррубашку,1
трёхстах,1
подаче,1
ценовой,1
школьной,1
надеть,1
дилет,1
аргайл,1
захотеться,1
familylook,1
извещать,1
получегии,1
информируйте,1
впечвтление,1
круглый,1
пачкать,1
рвать,1
увеличите,1
стройный,1
изчес,1
деним,1
девчонкам,1
опция,1
многом,1
история,1
проветривается,1
запах,1
скажуно,1
клиентрв,1
выветрилсязначит,1
опрятность,1
маленькой,1
выбрань,1
размеры,1
магазинвсе,1
понравилосьпроцветания,1
вешь,1
платформа,1
выбиру,1
подсчёт,1
переплатить,1
сдала,1
обратно,1
загрузка,1
прозрачный,1
адекватная,1
загруженность,1
айбулат,1
обверложены,1
торчать,1
ронять,1
внимательным,1
познакомившись,1
проход,1
поток,1
предверии,1
подароквпечатления,1
компактный,1
отзывчев,1
поискать,1
зайдём,1
подшивка,1
обоснованно,1
привозили,1
обхадительный,1
продовец,1
отзывчивая,1
приятнаяхорошо,1
вещейжелаю,1
единый,1
длинноногий,1
неколючий,1
гмосква,1
страшный,1
современно,1
практично,1
икание,1
полиэстер,1
утянуть,1
нафиг,1
hm,1
озвучить,1
съёмные,1
утеплённые,1
закреплять,1
привоз,1
изделиянет,1
конкурентный,1
порнавилось,1
побольгюше,1
скидрк,1
годика,1
сдержаней,1
моё,1
клеить,1
рубдешевле,1
лёжа,1
прилавку,1
итоге,1
тепловой,1
критерий,1
гигиена,1
шоколадный,1
крем,1
круасана,1
удалиться,1
влажный,1
салфетка,1
весьма,1
поощрение,1
неординарный,1
индивидуально,1
профессионален,1
руководитель,1
школьные,1
проверить,1
агазин,1
гжелезногорск,1
курский,1
обл,1
разрешить,1
конфликтный,1
стремиться,1
отшивалось,1
чесалсяприсуствует,1
габаритный,1
примерочная,1
взляд,1
суммироваться,1
данному,1
восполнение,1
крутиться,1
одноклассник,1
стандарт,1
ориентировать,1
возрастной,1
каче,1
твёрдая,1
среди,1
переоформленной,1
превысить,1
бюджет,1
позапрошлом,1
недействительный,1
возвращение,1
всётаки,1
ощущать,1
кемто,1
вычеркнуть,1
ценить,1
приемлемы,1
фотосессия,1
уважительный,1
сокращаться,1
исключительно,1
делись,1
ответсгорели,1
тысяч,1
вынуждены,1
жаловаться,1
колет,1
альтернаттвы,1
удовлетворить,1
испытывать,1
чесаться,1
свитерна,1
переоценка,1
наличных,1
тысрублей,1
наберётся,1
трендовых,1
деликатный,1
побыстрей,1
моднтчать,1
сохраниться,1
трудимся,1
прямтком,1
никуда,1
красива,1
сегодняшний,1
жалею,1
смоленске,1
тесный,1
всякий,1
ремонт,1
фурнитура,1
свитшот,1
изначально,1
проговорить,1
приятненько,1
интроверт,1
приковывалось,1
многолюдный,1
доходить,1
объективность,1
внятный,1
покупаться,1
когдалибо,1
вообщем,1
скатываться,1
ворс,1
аксесуаров,1
двойняшка,1
тянуть,1
комтромы,1
выложить,1
хомуток,1
пиджачок,1
вытянутый,1
вежливость,1
свитара,1
осеньзиму,1
докупать,1
пробивается,1
множество,1
пришёл,1
черёд,1
выбранном,1
усечённый,1
осортимент,1
оборот,1
замечании,1
талия,1
подмышках,1
теснота,1
натяжение,1
гармошка,1
пройма,1
неглубокий,1
меняться,1
воронеж,1
град,1
универсальный,1
погулять,1
неподъёмный,1
сезондети,1
четыре,1
впереди,1
осеннезимний,1
наполнителемпухперо,1
маленько,1
стильненько,1
хорошочтобы,1
отбой,1
безумно,1
мегафон,1
обслуживаниявсегда,1
сравнить,1
гдя,1
нетжелаем,1
интересные,1
портить,1
несоответствие,1
одеждадети,1
вынести,1
грязный,1
конкретизация,1
земечательные,1
производиться,1
безошибочно,1
сочетающейся,1
добро,1
прошёл,1
порвать,1
боекс,1
заинтересованы,1
тормозить,1
подарочек,1
оов,1
наступать,1
притягивать,1
ухо,1
жалконет,1
занятие,1
демократический,1
ниша,1
глорий,1
акула,1
вайлдбериз,1
платьеодин,1
одевали,1
шоурум,1
примеркуи,1
полив,1
дальнейшем,1
известный,1
приятна,1
комбез,1
завести,1
одним,1
перепиравший,1
qr,1
потерять,1
хихикать,1
развивать,1
уфа,1
росточек,1
дочкая,1
леди,1
шутить,1
смеяться,1
хулиганили,1
коллективе,1
умение,1
проинформировать,1
ухаживать,1
жалеть,1
расширирять,1
ассортимен,1
дорости,1
демисезонное,1
девиз,1
доживать,1
приносила,1
гарантия,1
девушкампродавцам,1
клиентоориентированы,1
ненавязчивы,1
оригинальные,1
явно,1
пжста,1
ребенкуа,1
оценивать,1
взглядомне,1
участливость,1
потраченных,1
передавать,1
возоасте,1
придётся,1
шлем,1
шея,1
открываться,1
горнолыжки,1
согласно,1
поселить,1
пользователь,1
хотельсь,1
феврале,1
муж,1
жирный,1
свин,1
сотрудничество,1
другиме,1
дополнение,1
пожалеть,1
доче,1
выявить,1
убежать,1
пацан,1
участие,1
следовать,1
пятам,1
раскупается,1
достойно,1
толкучка,1
апм,1
сосредоточить,1
юг,1
химки,1
пополнялись,1
снежана,1
вседа,1
рекомендую,1
заинтересована,1
заинтересовать,1
гореть,1
умничка,1
заразить,1
извинить,1
тыс,1
март,1
однжду,1
девочекдевушек,1
оверсайзэто,1
украшать,1
размываться,1
черта,1
сао,1
совершенство,1
надежда,1
отменный,1
поражать,1
краснодар,1
откащали,1
заполонить,1
полок,1
томуже,1
влиять,1
формируете,1
шапкубалаклаву,1
дочкин,1
ба,1
кусачий,1
носкость,1
поломка,1
олежды,1
дарить,1
ненадежно,1
отделе,1
воскресение,1
среда,1
обещать,1
оправить,1
важность,1
отъезд,1
отпуск,1
испортить,1
племянница,1
лекалам,1
навсегда,1
ростовке,1
вырастать,1
family,1
look,1
бюджетный,1
волгоград,1
вполне,1
тавара,1
понидайте,1
стильная,1
очевидный,1
унисекс,1
очаровать,1
замечательная,1
ответсвенный,1
граммотный,1
разнообразьте,1
добавте,1
оставатьс,1
какоето,1
ктото,1
заниматься,1
приобретаемая,1
заявленному,1
ношу,1
поступать,1
акционных,1
кофту,1
выстирали,1
потечь,1
развод,1
рпспродаже,1
дочки,1
соответствующий,1
дружный,1
растить,1
доченька,1
катешках,1
салон,1
рядк,1
orbu,1
перерасти,1
продолжить,1
потрясающее,1
общительный,1
вязка,1
скатываются,1
отличные,1
фантастика,1
индиго,1
жарптица,1
люблюникогда,1
магазины,1
идеал,1
команда,1
красный,1
стильномодномолодежно,1
облипку,1
олимпийка,1
хаки,1
декор,1
следующем,1
судить,1
всему,1
эластаном,1
садились,1
пухлый,1
выдерживать,1
критика,1
негативный,1
здоровается,1
громко,1
позвать,1
сунуть,1
недовольство,1
нервно,1
недовольный,1
диктовать,1
рассчитались,1
развернуться,1
напрочь,1
недешево,1
эксплуатация,1
встретить,1
джинсовый,1
синус,1
отстироваться,1
потёртость,1
руковах,1
придраться,1
сынульки,1
расцветкака,1
чество,1
смотреться,1
вентиляция,1
любезный,1
ненавящива,1
разочароваласьстиль,1
высотеспасибо,1
магазиневы,1
плане,1
ремонтировать,1
худощавый,1
cпасибо,1
хорошая,1
магазинепонравилось,1
бонусов,1
предмет,1
снизьте,1
осуществлять,1
выпускной,1
растёт,1
европа,1
подростках,1
осуществляться,1
полюбить,1
грудь,1
против,1
чека,1
познакомить,1
подкладкой,1
расходиться,1
крепление,1
лямка,1
подетски,1
присмотреть,1
понравилосб,1
кринж,1
купленная,1
учу,1
